SOURCE MATERIAL,BINDER(Kg/m^3),FLY-ASH %,SLAG %,rest period hours,CURING TEMPERATURE,CURING PERIOD,NaOH/Na2SiO3,superplasticizer,extra water added,MOLARITY,ALKALINE ACTIVATOR /BINDER RATIO,COMPRESSIVE STRENGTH (MPa)
Class F Fly-Ash,430.0,1.0,0.0,24.0,60.0,24,0.4,8.6,0.0,8.0,0.45,32.5
Class F Fly-Ash,397.0,1.0,0.0,24.0,70.0,24,0.4,7.94,0.0,8.0,0.45,35.0
Class F Fly-Ash,364.0,1.0,0.0,24.0,80.0,24,0.4,7.28,0.0,8.0,0.45,37.0
Class F Fly-Ash,331.0,1.0,0.0,24.0,90.0,24,0.4,6.62,0.0,8.0,0.45,37.5
Class F Fly-Ash,298.0,1.0,0.0,24.0,100.0,24,0.4,5.96,0.0,8.0,0.45,35.0
Class F Fly-Ash,430.0,1.0,0.0,24.0,60.0,24,0.4,8.6,0.0,10.0,0.45,36.0
Class F Fly-Ash,397.0,1.0,0.0,24.0,70.0,24,0.4,7.94,0.0,10.0,0.45,36.5
Class F Fly-Ash,364.0,1.0,0.0,24.0,80.0,24,0.4,7.28,0.0,10.0,0.45,37.5
Class F Fly-Ash,331.0,1.0,0.0,24.0,90.0,24,0.4,6.62,0.0,10.0,0.45,38.0
Class F Fly-Ash,298.0,1.0,0.0,24.0,100.0,24,0.4,5.96,0.0,10.0,0.45,37.5
Class F Fly-Ash,430.0,1.0,0.0,24.0,60.0,24,0.4,8.6,0.0,12.0,0.45,39.0
Class F Fly-Ash,397.0,1.0,0.0,24.0,70.0,24,0.4,7.94,0.0,12.0,0.45,40.0
Class F Fly-Ash,364.0,1.0,0.0,24.0,80.0,24,0.4,7.28,0.0,12.0,0.45,40.5
Class F Fly-Ash,331.0,1.0,0.0,24.0,90.0,24,0.4,6.62,0.0,12.0,0.45,42.5
Class F Fly-Ash,298.0,1.0,0.0,24.0,100.0,24,0.4,5.96,0.0,12.0,0.45,41.0
Class F Fly-Ash,430.0,1.0,0.0,24.0,60.0,24,0.4,8.6,0.0,14.0,0.45,39.0
Class F Fly-Ash,397.0,1.0,0.0,24.0,70.0,24,0.4,7.94,0.0,14.0,0.45,40.0
Class F Fly-Ash,364.0,1.0,0.0,24.0,80.0,24,0.4,7.28,0.0,14.0,0.45,40.3
Class F Fly-Ash,331.0,1.0,0.0,24.0,90.0,24,0.4,6.62,0.0,14.0,0.45,41.0
Class F Fly-Ash,298.0,1.0,0.0,24.0,100.0,24,0.4,5.96,0.0,14.0,0.45,40.0
Class F Fly-Ash,427.0,1.0,0.0,0.0,40.0,24,0.4,0.0,0.0,8.0,0.35,33.86
Class F Fly-Ash,427.0,1.0,0.0,0.0,60.0,24,0.4,0.0,0.0,8.0,0.35,35.2
Class F Fly-Ash,427.0,1.0,0.0,0.0,80.0,24,0.4,0.0,0.0,8.0,0.35,38.17
Class F Fly-Ash,427.0,1.0,0.0,0.0,100.0,24,0.4,0.0,0.0,8.0,0.35,38.88
Class F Fly-Ash,427.0,1.0,0.0,0.0,40.0,24,0.4,0.0,0.0,10.0,0.35,37.63
Class F Fly-Ash,427.0,1.0,0.0,0.0,60.0,24,0.4,0.0,0.0,10.0,0.35,39.21
Class F Fly-Ash,427.0,1.0,0.0,0.0,80.0,24,0.4,0.0,0.0,10.0,0.35,42.11
Class F Fly-Ash,427.0,1.0,0.0,0.0,100.0,24,0.4,0.0,0.0,10.0,0.35,43.5
Class F Fly-Ash,427.0,1.0,0.0,0.0,40.0,24,0.4,0.0,0.0,12.0,0.35,40.33
Class F Fly-Ash,427.0,1.0,0.0,0.0,60.0,24,0.4,0.0,0.0,12.0,0.35,41.82
Class F Fly-Ash,427.0,1.0,0.0,0.0,80.0,24,0.4,0.0,0.0,12.0,0.35,44.47
Class F Fly-Ash,427.0,1.0,0.0,0.0,100.0,24,0.4,0.0,0.0,12.0,0.35,44.89
Class F Fly-Ash,427.0,1.0,0.0,0.0,40.0,24,0.4,0.0,0.0,14.0,0.35,42.57
Class F Fly-Ash,427.0,1.0,0.0,0.0,60.0,24,0.4,0.0,0.0,14.0,0.35,43.54
Class F Fly-Ash,427.0,1.0,0.0,0.0,80.0,24,0.4,0.0,0.0,14.0,0.35,46.23
Class F Fly-Ash,427.0,1.0,0.0,24.0,80.0,24,0.4,0.0,0.0,14.0,0.35,46.86
Class F Fly-Ash,427.0,1.0,0.0,48.0,80.0,24,0.4,0.0,0.0,14.0,0.35,47.58
Class F Fly-Ash,427.0,1.0,0.0,72.0,80.0,24,0.4,0.0,0.0,14.0,0.35,47.92
Class F Fly-Ash,427.0,1.0,0.0,0.0,100.0,24,0.4,0.0,0.0,14.0,0.35,46.86
Class F Fly-Ash,427.0,1.0,0.0,0.0,40.0,24,0.4,0.0,0.0,16.0,0.35,40.73
Class F Fly-Ash,427.0,1.0,0.0,0.0,60.0,24,0.4,0.0,0.0,16.0,0.35,41.93
Class F Fly-Ash,427.0,1.0,0.0,0.0,80.0,24,0.4,0.0,0.0,16.0,0.35,44.67
Class F Fly-Ash,427.0,1.0,0.0,0.0,100.0,24,0.4,0.0,0.0,16.0,0.35,45.37
Class F Fly-Ash,427.0,1.0,0.0,0.0,80.0,24,0.4,0.0,0.0,14.0,0.25,42.37
Class F Fly-Ash,427.0,1.0,0.0,0.0,80.0,24,0.4,0.0,0.0,14.0,0.3,44.67
Class F Fly-Ash,427.0,1.0,0.0,0.0,80.0,24,0.4,0.0,0.0,14.0,0.4,46.16
Class F Fly-Ash,427.0,1.0,0.0,0.0,80.0,24,0.4,0.0,0.0,14.0,0.45,45.87
Class F Fly-Ash,427.0,1.0,0.0,0.0,80.0,24,0.3,0.0,0.0,14.0,0.35,45.65
Class F Fly-Ash,427.0,1.0,0.0,0.0,80.0,24,0.35,0.0,0.0,14.0,0.35,46.16
Class F Fly-Ash,427.0,1.0,0.0,0.0,80.0,24,0.45,0.0,0.0,14.0,0.35,45.57
Class F Fly-Ash,427.0,1.0,0.0,0.0,80.0,24,0.5,0.0,0.0,14.0,0.35,43.89
Class F Fly-Ash,400.0,1.0,0.0,24.0,50.0,48,0.4,10.5,35.0,18.0,0.35,21.0
Class F Fly-Ash,400.0,1.0,0.0,24.0,50.0,48,0.4,10.5,35.0,16.0,0.35,27.5
Class F Fly-Ash,400.0,1.0,0.0,24.0,50.0,48,0.4,10.5,35.0,12.0,0.35,18.0
Class F Fly-Ash,400.0,1.0,0.0,24.0,50.0,48,0.4,10.5,35.0,16.0,0.45,30.0
Class F Fly-Ash,400.0,1.0,0.0,24.0,50.0,48,0.4,10.5,35.0,16.0,0.4,32.0
Class F Fly-Ash,400.0,1.0,0.0,24.0,50.0,48,0.4,10.5,35.0,16.0,0.35,27.0
Class F Fly-Ash,400.0,1.0,0.0,24.0,50.0,48,0.4,10.5,35.0,16.0,0.3,17.5
Class F Fly-Ash,400.0,1.0,0.0,24.0,50.0,48,0.3,10.5,35.0,16.0,0.35,36.0
Class F Fly-Ash,400.0,1.0,0.0,24.0,50.0,48,0.4,10.5,35.0,16.0,0.35,27.0
Class F Fly-Ash,400.0,1.0,0.0,24.0,50.0,48,0.5,10.5,35.0,16.0,0.35,25.0
Class F Fly-Ash,383.0,1.0,0.0,24.0,90.0,24,0.67,0.0,0.0,8.0,0.3,29.62
Class F Fly-Ash,383.0,1.0,0.0,24.0,90.0,24,0.67,0.0,0.0,10.0,0.3,31.39
Class F Fly-Ash,383.0,1.0,0.0,24.0,90.0,24,0.67,0.0,0.0,12.0,0.3,33.17
Class F Fly-Ash,463.5,1.0,0.0,24.0,90.0,24,0.67,0.0,0.0,8.0,0.3,32.43
Class F Fly-Ash,463.5,1.0,0.0,24.0,90.0,24,0.67,0.0,0.0,10.0,0.3,34.21
Class F Fly-Ash,463.5,1.0,0.0,24.0,90.0,24,0.67,0.0,0.0,12.0,0.3,35.98
Class F Fly-Ash,530.0,1.0,0.0,24.0,90.0,24,0.67,0.0,0.0,8.0,0.3,42.8
Class F Fly-Ash,530.0,1.0,0.0,24.0,90.0,24,0.67,0.0,0.0,10.0,0.3,45.02
Class F Fly-Ash,530.0,1.0,0.0,24.0,90.0,24,0.67,0.0,0.0,12.0,0.3,47.24
Class F Fly-Ash,400.0,1.0,0.0,0.0,60.0,6,0.4,0.0,0.0,15.0,0.61,2.0
Class F Fly-Ash,400.0,1.0,0.0,0.0,60.0,12,0.4,0.0,0.0,15.0,0.61,6.3
Class F Fly-Ash,400.0,1.0,0.0,0.0,60.0,18,0.4,0.0,0.0,15.0,0.61,6.1
Class F Fly-Ash,400.0,1.0,0.0,0.0,60.0,24,0.4,0.0,0.0,15.0,0.61,7.8
Class F Fly-Ash,400.0,1.0,0.0,0.0,90.0,6,0.4,0.0,0.0,15.0,0.61,20.0
Class F Fly-Ash,400.0,1.0,0.0,0.0,90.0,12,0.4,0.0,0.0,15.0,0.61,22.0
Class F Fly-Ash,400.0,1.0,0.0,0.0,90.0,18,0.4,0.0,0.0,15.0,0.61,41.0
Class F Fly-Ash,400.0,1.0,0.0,0.0,90.0,24,0.4,0.0,0.0,15.0,0.61,44.0
Class F Fly-Ash,400.0,1.0,0.0,0.0,120.0,6,0.4,0.0,0.0,15.0,0.61,38.0
Class F Fly-Ash,400.0,1.0,0.0,0.0,120.0,12,0.4,0.0,0.0,15.0,0.61,38.0
Class F Fly-Ash,400.0,1.0,0.0,0.0,120.0,18,0.4,0.0,0.0,15.0,0.61,59.0
Class F Fly-Ash,400.0,1.0,0.0,0.0,120.0,24,0.4,0.0,0.0,15.0,0.61,60.0
Class F Fly-Ash,425.0,1.0,0.0,0.0,60.0,24,0.4,0.0,0.0,8.0,0.35,37.36
Class F Fly-Ash,425.0,1.0,0.0,0.0,60.0,24,0.4,0.0,0.0,10.0,0.35,40.29
Class F Fly-Ash,425.0,1.0,0.0,0.0,60.0,24,0.4,0.0,0.0,12.0,0.35,42.44
Class F Fly-Ash,425.0,1.0,0.0,0.0,60.0,24,0.4,0.0,0.0,14.0,0.35,43.0
Class F Fly-Ash,425.0,1.0,0.0,0.0,60.0,24,0.4,0.0,0.0,16.0,0.35,44.14
Class F Fly-Ash,420.57,1.0,0.0,0.0,100.0,24,0.4,0.0,0.0,10.0,0.55,49.0
Class F Fly-Ash,365.16,1.0,0.0,0.0,100.0,24,0.4,0.0,0.0,10.0,0.55,56.0
Class F Fly-Ash,309.85,1.0,0.0,0.0,100.0,24,0.4,0.0,0.0,10.0,0.55,47.0
Class F Fly-Ash,254.54,1.0,0.0,0.0,100.0,24,0.4,0.0,0.0,10.0,0.55,45.0
Class F Fly-Ash,400.0,1.0,0.0,0.0,70.0,48,0.4,0.0,35.0,8.0,0.5,44.87
Class F Fly-Ash,400.0,1.0,0.0,0.0,70.0,48,0.4,0.0,35.0,10.0,0.5,49.28
Class F Fly-Ash,400.0,1.0,0.0,0.0,70.0,48,0.4,0.0,35.0,14.0,0.5,50.46
Class F Fly-Ash,400.0,1.0,0.0,0.0,70.0,48,0.4,0.0,35.0,12.0,0.5,51.52
Class F Fly-Ash,394.3,1.0,0.0,0.0,60.0,24,0.4,0.0,0.0,8.0,0.4,33.22
Class F Fly-Ash,428.57,1.0,0.0,0.0,65.0,24,0.4,0.0,0.0,8.0,0.4,32.36
Class F Fly-Ash,428.57,1.0,0.0,0.0,65.0,24,0.4,0.0,0.0,12.0,0.4,37.25
Class F Fly-Ash,428.57,1.0,0.0,0.0,65.0,24,0.4,0.0,0.0,16.0,0.4,40.21
Class F Fly-Ash,500.0,1.0,0.0,0.0,40.0,24,0.83,0.0,0.0,8.0,0.44,24.8
Class F Fly-Ash,500.0,1.0,0.0,0.0,40.0,24,0.4,0.0,0.0,8.0,0.4,12.2
Class F Fly-Ash,500.0,1.0,0.0,0.0,40.0,24,2.5,0.0,0.0,8.0,0.4,7.0
Class F Fly-Ash,500.0,1.0,0.0,0.0,60.0,24,0.83,0.0,0.0,8.0,0.44,34.7
Class F Fly-Ash,500.0,1.0,0.0,0.0,60.0,24,0.4,0.0,0.0,8.0,0.4,17.0
Class F Fly-Ash,500.0,1.0,0.0,0.0,60.0,24,2.5,0.0,0.0,8.0,0.4,9.6
Class F Fly-Ash,500.0,1.0,0.0,0.0,80.0,24,0.83,0.0,0.0,8.0,0.44,38.3
Class F Fly-Ash,500.0,1.0,0.0,0.0,80.0,24,0.4,0.0,0.0,8.0,0.4,21.6
Class F Fly-Ash,500.0,1.0,0.0,0.0,80.0,24,2.5,0.0,0.0,8.0,0.4,10.9
Class F Fly-Ash,500.0,1.0,0.0,0.0,100.0,24,0.83,0.0,0.0,8.0,0.44,41.8
Class F Fly-Ash,500.0,1.0,0.0,0.0,100.0,24,0.4,0.0,0.0,8.0,0.4,23.2
Class F Fly-Ash,500.0,1.0,0.0,0.0,100.0,24,2.5,0.0,0.0,8.0,0.4,11.5
Class F Fly-Ash,500.0,1.0,0.0,0.0,80.0,4,0.83,0.0,0.0,8.0,0.44,22.2
Class F Fly-Ash,500.0,1.0,0.0,0.0,80.0,4,0.4,0.0,0.0,8.0,0.4,14.6
Class F Fly-Ash,500.0,1.0,0.0,0.0,80.0,4,2.5,0.0,0.0,8.0,0.4,8.1
Class F Fly-Ash,500.0,1.0,0.0,0.0,80.0,8,0.83,0.0,0.0,8.0,0.44,31.9
Class F Fly-Ash,500.0,1.0,0.0,0.0,80.0,8,0.4,0.0,0.0,8.0,0.4,19.6
Class F Fly-Ash,500.0,1.0,0.0,0.0,80.0,8,2.5,0.0,0.0,8.0,0.4,10.6
Class F Fly-Ash,500.0,1.0,0.0,0.0,80.0,12,0.83,0.0,0.0,8.0,0.44,37.5
Class F Fly-Ash,500.0,1.0,0.0,0.0,80.0,12,0.4,0.0,0.0,8.0,0.4,23.8
Class F Fly-Ash,500.0,1.0,0.0,0.0,80.0,12,2.5,0.0,0.0,8.0,0.4,12.4
Class F Fly-Ash,400.0,1.0,0.0,96.0,60.0,24,0.47,5.99,0.0,8.0,0.38,39.9
Class F Fly-Ash,400.0,1.0,0.0,96.0,60.0,24,0.47,5.99,22.4,14.0,0.38,60.2
Class C Fly-Ash,414.0,1.0,0.0,0.0,60.0,24,1.0,0.0,0.0,10.0,0.5,46.67
Class C Fly-Ash,414.0,1.0,0.0,0.0,60.0,24,1.0,0.0,0.0,15.0,0.5,54.4
Class C Fly-Ash,414.0,1.0,0.0,0.0,60.0,24,1.0,0.0,0.0,20.0,0.5,43.2
Class C Fly-Ash,414.0,1.0,0.0,0.0,60.0,24,0.5,0.0,0.0,10.0,0.5,40.09
Class C Fly-Ash,414.0,1.0,0.0,0.0,60.0,24,0.5,0.0,0.0,15.0,0.5,48.18
Class C Fly-Ash,414.0,1.0,0.0,0.0,60.0,24,0.5,0.0,0.0,20.0,0.5,49.5
Class F Fly-Ash,408.0,1.0,0.0,0.0,60.0,24,0.4,6.1,25.8,14.0,0.35,33.0
Class F Fly-Ash,444.0,1.0,0.0,0.0,60.0,24,0.4,6.1,25.8,14.0,0.35,49.0
Class F Fly-Ash,356.0,1.0,0.0,0.0,60.0,24,0.4,6.1,25.8,14.0,0.35,26.0
Class F Fly-Ash,424.0,1.0,0.0,0.0,60.0,24,0.4,6.1,25.8,14.0,0.3,36.0
Class F Fly-Ash,381.0,1.0,0.0,0.0,60.0,24,0.4,6.1,25.8,14.0,0.45,33.8
mix,400.0,0.9,0.1,0.0,25.0,48,0.4,0.0,0.0,14.0,0.4,40.0
mix,400.0,0.8,0.2,0.0,25.0,48,0.4,0.0,0.0,14.0,0.4,47.0
mix,400.0,0.9,0.1,0.0,25.0,48,0.67,0.0,0.0,14.0,0.4,43.0
mix,400.0,0.8,0.2,0.0,25.0,48,0.67,0.0,0.0,14.0,0.4,54.0
mix,400.0,1.0,0.0,0.0,25.0,48,0.4,6.0,0.0,14.0,0.35,25.0
mix,400.0,0.9,0.1,0.0,25.0,48,0.4,6.0,8.0,14.0,0.35,27.0
mix,400.0,0.8,0.2,0.0,25.0,48,0.4,6.0,8.0,14.0,0.35,35.0
mix,400.0,1.0,0.0,0.0,25.0,48,0.67,6.0,0.0,14.0,0.35,27.0
mix,400.0,0.9,0.1,0.0,25.0,48,0.67,6.0,8.0,14.0,0.35,27.0
mix,400.0,0.8,0.2,0.0,25.0,48,0.67,6.0,8.0,14.0,0.35,45.0
mix,400.0,0.9,0.1,0.0,20.0,48,0.5,4.0,0.0,10.0,0.4,19.0
mix,400.0,0.85,0.15,0.0,20.0,48,0.5,4.0,0.0,10.0,0.4,28.0
mix,400.0,0.8,0.2,0.0,20.0,48,0.5,4.0,0.0,10.0,0.4,37.5
mix,400.0,0.75,0.25,0.0,20.0,48,0.5,4.0,0.0,10.0,0.4,44.0
mix,400.0,0.7,0.3,0.0,20.0,48,0.5,4.0,0.0,10.0,0.4,61.0
mix,400.0,0.85,0.15,0.0,20.0,48,0.5,4.0,0.0,12.0,0.4,31.0
mix,400.0,0.8,0.2,0.0,20.0,48,0.5,4.0,0.0,12.0,0.4,43.5
mix,400.0,0.75,0.25,0.0,20.0,48,0.5,4.0,0.0,12.0,0.4,56.0
mix,400.0,0.85,0.15,0.0,20.0,48,0.5,4.0,0.0,10.0,0.35,31.0
mix,400.0,0.8,0.2,0.0,20.0,48,0.5,4.0,0.0,10.0,0.35,38.0
mix,400.0,0.75,0.25,0.0,20.0,48,0.5,4.0,0.0,10.0,0.35,48.0
mix,400.0,0.85,0.15,0.0,20.0,48,0.67,4.0,0.0,10.0,0.4,28.0
mix,400.0,0.75,0.25,0.0,20.0,48,0.4,4.0,0.0,10.0,0.4,42.0
mix,381.0,0.8,0.2,0.0,20.0,48,2.0,0.0,0.0,6.0,0.56,37.4
mix,381.0,0.8,0.2,0.0,20.0,48,1.0,0.0,0.0,6.0,0.56,26.6
mix,381.0,0.8,0.2,0.0,20.0,48,2.0,0.0,0.0,4.0,0.56,29.9
mix,381.0,0.8,0.2,0.0,20.0,48,1.0,0.0,0.0,4.0,0.56,30.7
mix,378.0,0.9,0.1,0.0,20.0,48,2.0,0.0,0.0,4.0,0.56,15.5
mix,379.0,0.85,0.15,0.0,20.0,48,2.0,0.0,0.0,4.0,0.56,23.0
mix,381.0,0.8,0.2,0.0,20.0,48,2.0,0.0,0.0,4.0,0.56,30.6
Class F Fly-Ash,394.3,1.0,0.0,0.0,20.0,48,0.4,0.0,0.0,8.0,0.4,17.69
Class F Fly-Ash,408.0,1.0,0.0,0.0,20.0,48,0.4,0.0,0.0,8.0,0.35,20.15
Class F Fly-Ash,408.0,1.0,0.0,0.0,20.0,48,0.4,0.0,0.0,10.0,0.35,22.08
Class F Fly-Ash,408.0,1.0,0.0,0.0,20.0,48,0.4,0.0,0.0,12.0,0.35,24.65
Class F Fly-Ash,408.0,1.0,0.0,0.0,20.0,48,0.4,0.0,0.0,14.0,0.35,25.73
mix,400.0,1.0,0.0,0.0,20.0,48,0.4,8.0,35.0,8.0,0.4,7.5
mix,400.0,0.8,0.2,0.0,20.0,48,0.4,8.0,35.0,8.0,0.4,21.0
mix,400.0,0.6,0.4,0.0,20.0,48,0.4,8.0,35.0,8.0,0.4,26.0
mix,400.0,0.4,0.6,0.0,20.0,48,0.4,8.0,35.0,8.0,0.4,30.7
mix,400.0,0.2,0.8,0.0,20.0,48,0.4,8.0,35.0,8.0,0.4,39.0
mix,400.0,0.0,1.0,0.0,20.0,48,0.4,8.0,35.0,8.0,0.4,46.0
mix,400.0,1.0,0.0,0.0,20.0,48,0.4,8.0,35.0,10.0,0.4,11.5
mix,400.0,0.8,0.2,0.0,20.0,48,0.4,8.0,35.0,10.0,0.4,24.0
mix,400.0,0.6,0.4,0.0,20.0,48,0.4,8.0,35.0,10.0,0.4,29.0
mix,400.0,0.4,0.6,0.0,20.0,48,0.4,8.0,35.0,10.0,0.4,36.5
mix,400.0,0.2,0.8,0.0,20.0,48,0.4,8.0,35.0,10.0,0.4,41.3
mix,400.0,0.0,1.0,0.0,20.0,48,0.4,8.0,35.0,10.0,0.4,47.0
mix,400.0,1.0,0.0,0.0,20.0,48,0.4,8.0,35.0,12.0,0.4,13.0
mix,400.0,0.8,0.2,0.0,20.0,48,0.4,8.0,35.0,12.0,0.4,26.5
mix,400.0,0.6,0.4,0.0,20.0,48,0.4,8.0,35.0,12.0,0.4,33.0
mix,400.0,0.4,0.6,0.0,20.0,48,0.4,8.0,35.0,12.0,0.4,38.5
mix,400.0,0.2,0.8,0.0,20.0,48,0.4,8.0,35.0,12.0,0.4,46.4
mix,350.0,1.0,0.0,0.0,23.0,48,0.4,0.0,0.0,14.0,0.4,23.4
mix,350.0,0.9,0.1,0.0,23.0,48,0.4,0.0,0.0,14.0,0.4,29.52
mix,350.0,0.8,0.2,0.0,23.0,48,0.4,0.0,0.0,14.0,0.4,32.86
mix,350.0,0.7,0.3,0.0,23.0,48,0.4,0.0,0.0,14.0,0.4,35.73
mix,350.0,0.6,0.4,0.0,23.0,48,0.4,0.0,0.0,14.0,0.4,36.93
mix,350.0,0.5,0.5,0.0,23.0,48,0.4,0.0,0.0,14.0,0.4,39.23
Class F Fly-Ash,408.0,1.0,0.0,0.0,60.0,24,0.4,16.32,0.0,8.0,0.3,58.0
Class F Fly-Ash,408.0,1.0,0.0,0.0,60.0,24,0.4,16.32,0.0,8.0,0.35,45.0
Class F Fly-Ash,408.0,1.0,0.0,0.0,60.0,24,0.4,16.32,0.0,8.0,0.4,37.0
Class F Fly-Ash,408.0,1.0,0.0,0.0,60.0,24,0.4,16.32,0.0,8.0,0.45,32.0
Class F Fly-Ash,408.0,1.0,0.0,0.0,60.0,24,0.4,5.6,24.3,14.0,0.37,39.5
Class F Fly-Ash,515.0,0.666,0.334,0.0,25.0,48,0.4,7.7,97.85,12.0,0.35,30.26
Class F Fly-Ash,450.0,0.66667,0.3333,0.0,25.0,48,0.4,6.7,94.5,12.0,0.4,35.38
Class F Fly-Ash,350.0,1.0,0.0,0.0,65.0,48,0.4,0.0,0.0,8.0,0.41,35.3
Class F Fly-Ash,400.0,0.7,0.3,0.0,25.0,48,0.4,0.0,0.16,12.0,0.75,48.0
Class F Fly-Ash,408.0,1.0,0.0,0.0,60.0,24,0.4,6.0,26.0,16.0,0.35,42.0
Class F Fly-Ash,404.0,1.0,0.0,0.0,60.0,24,0.4,6.0,16.5,14.0,0.35,60.0
Class F Fly-Ash,406.0,1.0,0.0,72.0,60.0,24,0.4,6.1,25.6,14.0,0.35,35.0
Class F Fly-Ash,410.0,1.0,0.0,72.0,60.0,24,0.4,6.1,16.5,14.0,0.35,55.0
Class F Fly-Ash,400.0,0.9,0.1,0.0,22.0,48,0.4,0.0,0.0,14.0,0.4,40.0
Class F Fly-Ash,400.0,0.8,0.2,0.0,22.0,48,0.4,0.0,0.0,14.0,0.4,47.0
Class F Fly-Ash,400.0,0.9,0.1,0.0,22.0,48,0.66,0.0,0.0,14.0,0.4,43.0
Class F Fly-Ash,400.0,0.8,0.2,0.0,22.0,48,0.66,0.0,0.0,14.0,0.4,54.0
Class F Fly-Ash,408.0,1.0,0.0,0.0,60.0,24,0.4,0.0,20.0,14.0,0.35,39.0
Class F Fly-Ash,408.0,1.0,0.0,0.0,80.0,24,0.4,0.0,20.0,14.0,0.35,58.0
Class F Fly-Ash,400.0,1.0,0.0,0.0,80.0,24,1.0,0.0,0.0,14.0,0.35,69.89
Class F Fly-Ash,416.0,1.0,0.0,0.0,80.0,24,0.22,0.0,8.0,15.0,0.37,40.5
Class F Fly-Ash,280.0,1.0,0.0,0.0,80.0,24,0.66,0.0,0.0,12.0,0.75,49.1
Class F Fly-Ash,280.0,1.0,0.0,24.0,80.0,24,0.66,0.0,0.0,12.0,0.75,49.1
Class C Fly-Ash,300.0,1.0,0.0,0.0,22.0,48,0.4,0.6,0.0,8.0,0.5,17.5
Class C Fly-Ash,300.0,1.0,0.0,0.0,60.0,24,0.4,0.6,0.0,8.0,0.5,18.0
Class C Fly-Ash,300.0,1.0,0.0,0.0,22.0,48,0.4,0.6,0.0,14.0,0.5,23.0
Class C Fly-Ash,300.0,1.0,0.0,0.0,60.0,24,0.4,0.6,0.0,14.0,0.5,26.0
Class C Fly-Ash,300.0,1.0,0.0,0.0,22.0,48,0.4,0.6,0.0,8.0,0.6,25.0
Class C Fly-Ash,300.0,1.0,0.0,0.0,60.0,24,0.4,0.6,0.0,8.0,0.6,24.8
Class C Fly-Ash,300.0,1.0,0.0,0.0,22.0,48,0.4,0.6,0.0,14.0,0.6,22.0
Class C Fly-Ash,300.0,1.0,0.0,0.0,60.0,24,0.4,0.6,0.0,14.0,0.6,25.7
Class F Fly-Ash,350.0,1.0,0.0,0.0,22.0,48,0.4,0.0,36.02,16.0,0.38,12.0
Class F Fly-Ash,370.0,1.0,0.0,0.0,22.0,48,0.4,0.0,31.58,16.0,0.42,17.0
Class F Fly-Ash,400.0,1.0,0.0,0.0,22.0,48,0.4,0.0,27.07,16.0,0.46,25.0
Class F Fly-Ash,350.0,1.0,0.0,0.0,90.0,24,0.4,0.0,36.02,16.0,0.38,20.0
Class F Fly-Ash,370.0,1.0,0.0,0.0,90.0,24,0.4,0.0,31.58,16.0,0.42,31.7
Class F Fly-Ash,400.0,1.0,0.0,0.0,90.0,24,0.4,0.0,27.07,16.0,0.46,42.5
Class F Fly-Ash,400.0,1.0,0.0,0.0,60.0,24,0.4,0.0,0.0,8.0,0.35,61.0
Class F Fly-Ash,368.0,1.0,0.0,0.0,80.0,24,0.4,0.0,0.0,8.0,0.5,85.66
Class F Fly-Ash,408.0,1.0,0.0,0.0,60.0,18,0.4,0.0,20.0,8.0,0.35,33.0
Class F Fly-Ash,467.0,1.0,0.0,72.0,60.0,24,0.4,0.0,0.0,10.0,0.3,24.0
Class F Fly-Ash,400.0,1.0,0.0,72.0,27.0,48,0.4,0.0,0.0,10.0,0.35,15.5
Class F Fly-Ash,400.0,1.0,0.0,72.0,90.0,24,0.4,0.0,0.0,10.0,0.35,26.0
Class F Fly-Ash,350.0,1.0,0.0,72.0,60.0,24,0.4,0.0,0.0,10.0,0.4,25.0
Class F Fly-Ash,412.0,1.0,0.0,0.0,90.0,24,0.4,4.0,41.2,14.0,0.4,52.25
Class F Fly-Ash,380.0,1.0,0.0,0.0,25.0,48,0.4,3.8,0.0,8.0,0.45,29.67
Class F Fly-Ash,380.0,0.9,0.1,0.0,25.0,48,0.4,3.8,0.0,8.0,0.45,35.06
Class F Fly-Ash,380.0,0.8,0.2,0.0,25.0,48,0.4,3.8,0.0,8.0,0.45,39.37
Class F Fly-Ash,380.0,0.7,0.3,0.0,25.0,48,0.4,3.8,0.0,8.0,0.45,42.62
Class F Fly-Ash,392.0,1.0,0.0,0.0,25.0,48,0.4,0.0,0.0,10.0,0.35,4.0
Class F Fly-Ash,392.0,1.0,0.0,0.0,75.0,24,0.4,0.0,0.0,10.0,0.35,5.0
Class F Fly-Ash,392.0,0.0,1.0,0.0,25.0,48,0.4,0.0,0.0,10.0,0.35,36.0
Class F Fly-Ash,392.0,0.0,0.2,0.0,75.0,24,0.4,0.0,0.0,10.0,0.35,32.0
Class F Fly-Ash,392.0,0.8,0.2,0.0,25.0,48,0.4,0.0,0.0,10.0,0.35,19.0
Class F Fly-Ash,392.0,0.8,0.2,0.0,75.0,24,0.4,0.0,0.0,10.0,0.35,33.0
slag,400.0,0.0,1.0,0.0,25.0,48,0.4,8.0,56.0,12.0,0.5,89.6
slag,400.0,0.0,1.0,0.0,25.0,48,0.4,12.0,56.0,12.0,0.5,89.2
slag,400.0,0.0,1.0,0.0,25.0,48,0.4,16.0,56.0,12.0,0.5,88.7
slag,400.0,0.0,1.0,0.0,25.0,48,0.4,20.0,56.0,12.0,0.5,86.11
slag,400.0,0.0,1.0,0.0,25.0,48,0.4,24.0,56.0,12.0,0.5,84.1
slag,394.0,0.0,1.0,0.0,80.0,24,1.81,8.0,59.0,10.0,0.55,60.0
Class F Fly-Ash,400.0,0.85,0.15,0.0,75.0,18,0.4,0.0,38.6,12.0,0.45,50.4
Class F Fly-Ash,450.0,0.5,0.5,0.0,70.0,48,0.4,22.5,36.0,12.0,0.5,60.7
Class F Fly-Ash,400.0,0.8,0.2,0.0,23.0,48,0.4,0.0,0.0,12.0,0.55,41.5
Class F Fly-Ash,400.0,0.5,0.5,0.0,23.0,48,0.4,0.0,0.0,12.0,0.75,44.5
Class F Fly-Ash,500.0,0.7,0.3,0.0,25.0,48,0.67,7.5,0.0,14.0,0.4,66.23
Class F Fly-Ash,400.0,0.7,0.3,0.0,25.0,48,0.67,4.8,0.0,14.0,0.5,58.4
Class F Fly-Ash,333.0,0.7,0.3,0.0,25.0,48,0.67,2.5,0.0,14.0,0.6,51.66
Class F Fly-Ash,286.0,0.7,0.3,0.0,25.0,48,0.67,0.0,0.0,14.0,0.7,41.65
Class F Fly-Ash,250.0,0.7,0.3,0.0,25.0,48,0.67,0.0,0.0,14.0,0.8,34.82
Class F Fly-Ash,413.0,1.0,0.0,0.0,80.0,8,0.4,0.0,0.0,12.0,0.35,34.0
Class F Fly-Ash,413.0,1.0,0.0,0.0,80.0,8,0.4,0.0,0.0,12.0,0.4,37.0
Class F Fly-Ash,413.0,1.0,0.0,0.0,80.0,8,0.4,0.0,0.0,12.0,0.45,33.8
Class F Fly-Ash,413.0,1.0,0.0,0.0,80.0,8,0.4,0.0,0.0,12.0,0.5,31.0
Class F Fly-Ash,413.0,1.0,0.0,0.0,80.0,8,0.4,0.0,0.0,12.0,0.55,29.0
Class F Fly-Ash,413.0,1.0,0.0,0.0,80.0,8,0.4,0.0,0.0,12.0,0.6,25.0
Class F Fly-Ash,413.0,1.0,0.0,0.0,80.0,8,0.4,0.0,0.0,12.0,0.65,21.8
Class F Fly-Ash,400.0,0.8,0.2,0.0,25.0,48,0.4,10.0,0.0,14.0,0.4,57.5
Class F Fly-Ash,400.0,0.7,0.3,0.0,25.0,48,0.4,12.0,0.0,14.0,0.35,66.6
Class F Fly-Ash,400.0,0.6,0.4,0.0,25.0,48,0.4,14.0,0.0,16.0,0.3,76.9
Class F Fly-Ash,400.0,1.0,0.0,0.0,70.0,24,0.4,12.0,4.0,8.0,0.47,31.0
Class F Fly-Ash,400.0,1.0,0.0,0.0,70.0,24,0.4,12.0,8.0,10.0,0.47,36.0
Class F Fly-Ash,400.0,1.0,0.0,0.0,70.0,24,0.4,12.0,14.0,12.0,0.47,39.0
Class F Fly-Ash,410.0,1.0,0.0,0.0,25.0,48,0.57,0.0,79.2,10.0,0.4,10.0
Class F Fly-Ash,410.0,1.0,0.0,0.0,75.0,24,0.57,0.0,79.2,10.0,0.4,31.1
Class F Fly-Ash,400.0,1.0,0.0,0.0,70.0,48,0.4,24.0,48.0,10.0,0.5,51.43
Class F Fly-Ash,390.0,1.0,0.0,0.0,70.0,24,0.4,0.0,66.0,14.0,0.5,38.0
slag,500.0,0.0,1.0,0.0,25.0,48,0.4,0.0,0.0,3.0,0.65,53.31
slag,500.0,0.0,1.0,0.0,25.0,48,0.67,0.0,0.0,5.0,0.65,52.13
slag,500.0,0.0,1.0,0.0,25.0,48,0.93,0.0,0.0,7.0,0.65,44.05
slag,500.0,0.0,1.0,0.0,25.0,48,1.2,0.0,0.0,9.0,0.65,36.73
slag,500.0,0.0,1.0,0.0,25.0,48,1.47,0.0,0.0,11.0,0.65,27.3
Class F Fly-Ash,381.0,1.0,0.0,0.0,25.0,48,0.4,0.0,0.0,8.0,0.45,24.5
Class F Fly-Ash,381.0,1.0,0.0,0.0,80.0,3,0.4,0.0,0.0,8.0,0.45,23.0
Class F Fly-Ash,381.0,1.0,0.0,0.0,80.0,6,0.4,0.0,0.0,8.0,0.45,33.0
Class F Fly-Ash,1050.0,1.0,0.0,0.0,90.0,24,1.05,0.0,88.0,10.0,0.39,44.4
Class F Fly-Ash,1030.0,1.0,0.0,0.0,90.0,24,0.63,0.0,84.0,10.0,0.415,53.3
Class F Fly-Ash,1016.0,1.0,0.0,0.0,90.0,24,0.38,0.0,79.0,10.0,0.44,56.9
Class F Fly-Ash,382.0,1.0,0.0,0.0,60.0,24,0.4,0.0,0.0,12.0,0.5,64.3
Class F Fly-Ash,400.0,1.0,0.0,0.0,25.0,48,0.4,0.0,0.0,12.0,0.425,12.26
Class F Fly-Ash,400.0,1.0,0.0,24.0,60.0,24,0.4,0.0,0.0,12.0,0.425,27.4
Class F Fly-Ash,378.0,1.0,0.0,24.0,60.0,24,1.0,0.0,29.46,13.0,0.35,28.67
Class F Fly-Ash,445.5,1.0,0.0,24.0,60.0,24,1.0,0.0,29.46,13.0,0.35,33.33
Class F Fly-Ash,513.0,1.0,0.0,24.0,60.0,24,1.0,0.0,29.46,13.0,0.35,37.22
Class F Fly-Ash,594.0,1.0,0.0,24.0,60.0,24,1.0,0.0,29.46,13.0,0.35,43.56
Class F Fly-Ash,661.5,1.0,0.0,24.0,60.0,24,1.0,0.0,29.46,13.0,0.35,44.78
Class F Fly-Ash,400.0,1.0,0.0,24.0,2.0,3,1.0,0.0,29.46,13.0,0.35,8.0
Class F Fly-Ash,400.0,1.0,0.0,24.0,60.0,8,1.0,0.0,29.46,13.0,0.35,38.78
Class F Fly-Ash,400.0,1.0,0.0,24.0,60.0,12,1.0,0.0,29.46,13.0,0.35,40.22
Class F Fly-Ash,400.0,1.0,0.0,24.0,60.0,24,1.0,0.0,29.46,13.0,0.35,42.33
Class F Fly-Ash,408.0,1.0,0.0,24.0,60.0,24,0.4,10.2,14.3,10.0,0.35,41.44
Class F Fly-Ash,500.0,1.0,0.0,0.0,25.0,48,0.4,10.0,60.0,12.0,0.35,27.93
Class F Fly-Ash,500.0,0.9,0.1,0.0,25.0,48,0.4,10.0,60.0,12.0,0.35,31.28
Class F Fly-Ash,500.0,0.8,0.2,0.0,25.0,48,0.4,10.0,60.0,12.0,0.35,34.91
Class F Fly-Ash,500.0,0.7,0.3,0.0,25.0,48,0.4,10.0,60.0,12.0,0.35,38.82
Class F Fly-Ash,500.0,0.6,0.4,0.0,25.0,48,0.4,10.0,60.0,12.0,0.35,40.18
Class F Fly-Ash,500.0,0.5,0.5,0.0,25.0,48,0.4,10.0,60.0,12.0,0.35,42.3
Class F Fly-Ash,500.0,0.4,0.6,0.0,25.0,48,0.4,10.0,60.0,12.0,0.35,39.01
Class F Fly-Ash,409.0,0.5,0.5,0.0,25.0,48,0.4,2.86,92.5,8.0,0.35,45.87
slag,394.0,0.0,1.0,0.0,25.0,48,0.4,5.91,59.0,8.0,0.4,52.79
slag,394.0,0.0,1.0,0.0,60.0,16,0.4,5.91,59.0,8.0,0.4,69.28
slag,394.0,0.0,1.0,0.0,90.0,16,0.4,5.91,59.0,8.0,0.4,71.63
mix,400.0,0.8,0.2,0.0,25.0,48,0.4,10.0,0.0,14.0,0.4,57.5
mix,400.0,0.7,0.3,0.0,25.0,48,0.4,12.0,0.0,14.0,0.35,66.6
mix,400.0,0.6,0.4,0.0,25.0,48,0.4,14.0,0.0,16.0,0.3,76.9
